<?xml version="1.0" encoding="UTF-8"?>
<metadata xml:lang="en"><Esri><CreaDate>20211112</CreaDate><CreaTime>13435400</CreaTime><ArcGISFormat>1.0</ArcGISFormat><SyncOnce>TRUE</SyncOnce><DataProperties><itemProps><itemLocation><linkage Sync="TRUE">file://\\COBFILESHARE\GIS\Projects\Jacob\ArcGIS Online HUB - COB\Groups\Zoning and Land Use\ZONE_2021_Parcels</linkage><protocol Sync="TRUE">Local Area Network</protocol></itemLocation></itemProps><copyHistory><copy source="Y:\Projects\Jacob\ArcGIS Online HUB - COB\Extra Files\ZONE_2021October_Parcels\ZONE_2021_Parcels" dest="\\COBFILESHARE\GIS\Projects\Jacob\ArcGIS Online HUB - COB\Groups\Zoning and Land Use\ZONE_2021_Parcels" date="20211112" time="13435400"></copy></copyHistory></DataProperties></Esri><dataIdInfo><idCitation><resTitle>ZONE_2021_Parcels</resTitle></idCitation><idAbs>New zoning, including parcels updated March 26 2021. </idAbs><idCredit/><idPurp/><resConst><Consts><useLimit/></Consts></resConst></dataIdInfo></metadata>
